OBJIDsic,Region_unique,yearGDP,GDPpcRegion
505,ZWE_Zimbabwe_505,2010,723.20
1359,ZWE_Western_region_1359,2005,323.26
1358,ZWE_Southern_region_1358,2005,323.26
1357,ZWE_Northern_region_1357,2005,323.26
1356,ZWE_Eastern_region_1356,2005,323.26
1355,ZWE_Central_region_1355,2005,323.26
503,ZMB_Zambia_503,2005,1066.64
1354,ZMB_Western_1354,2005,1066.64
1353,ZMB_Southern_1353,2005,1066.64
1351,ZMB_Northern_1351,2005,1066.64
1352,ZMB_North_Western_1352,2005,1066.64
1350,ZMB_Lusaka_1350,2005,1066.64
1349,ZMB_Luapula_1349,2005,1066.64
1348,ZMB_Eastern_1348,2005,1066.64
1347,ZMB_Copperbelt_1347,2005,1066.64
1346,ZMB_Central_1346,2005,1066.64
1345,ZAF_Western_Cape_1345,2010,6975.41
421,ZAF_South_Africa_Lesotho_Swaziland_421,2010,7508.78
422,ZAF_South_Africa_Kruger_National_Park_422,2010,7508.78
420,ZAF_South_Africa_420,2010,7508.79
411,ZAF_Schappen_411,,uninhabited
371,ZAF_Robben_371,,7508.78
1344,ZAF_Prince_Edward_Island_Group_1344,,uninhabited
1342,ZAF_Northern_Cape_1342,2010,6975.41
1343,ZAF_North_West_1343,2010,8659.27
1341,ZAF_Mpumalanga_1341,2010,8659.27
280,ZAF_Meeu_280,,uninhabited
1340,ZAF_Marion_Island_1340,2010,8659.27
274,ZAF_Marcus_274,,7508.78
1339,ZAF_Limpopo_1339,2010,8659.27
1338,ZAF_KwaZulu_Natal_1338,2010,5835.86
212,ZAF_Jutten_212,,7508.78
1337,ZAF_Gauteng_1337,2010,8659.27
1336,ZAF_Free_State_1336,2010,6721.00
1335,ZAF_Eastern_Cape_1335,2010,6975.41
111,ZAF_Dassen_111,,uninhabited
69,ZAF_Cape_Region_69,2010,6975.41
1334,YEM_Yemen_1334,2010,1357.80
418,YEM_Socotra_Island_418,2010,1357.80
384,WSM_Samoa_384,2010,3530.60
1333,WSM_Nuutele_1333,,uninhabited
1332,WSM_Nuulua_1332,,uninhabited
1331,WSM_Namua_1331,,uninhabited
1330,WSM_Fanuatapu_1330,,uninhabited
481,VUT_Vanuatu_481,2010,2965.80
486,VNM_Vietnam_486,2008,2429.56
1324,VEN_Venezuela_1324,1990,8124.90
1322,VCT_The_Grenadines_1322,2010,6233.00
430,VCT_St_Vincent_and_The_Grenadines_430,2010,6233.00
1323,VCT_Saint_Vincent_1323,2010,6233.00
479,UZB_Uzbekistan_479,2005,1906.57
1321,USA_Wyoming_1321,2010,46581.00
1319,USA_Wisconsin_1319,2010,39602.00
1320,USA_West_Virginia_1320,2010,33196.00
1275,USA_Washington_DC_1275,2010,73257.33
1318,USA_Washington_1318,2010,44123.00
1315,USA_Virginia_1315,2010,45862.00
1316,USA_Virgin_Island_1316,2010,41376.00
485,USA_Vieques_485,2010,26435.70
1317,USA_Vermont_1317,2010,41580.00
1314,USA_Utah_1314,2010,33688.00
476,USA_USA_476,2010,41376.00
541,USA_Tutuila_541,2010,41376.00
1006,USA_Tinian_1006,2010,41376.00
1313,USA_Texas_1313,2010,39107.00
1312,USA_Tennessee_1312,2010,36179.00
540,USA_Tau_540,2010,41376.00
539,USA_Swains_539,2010,41376.00
435,USA_St_Thomas_435,2010,41376.00
433,USA_St_John_433,2010,41376.00
431,USA_St_Croix_431,2010,41376.00
1311,USA_South_Dakota_1311,2010,40943.00
1310,USA_South_Carolina_1310,2010,33631.00
1004,USA_Sarigan_1004,,uninhabited
400,USA_Santa_Rosa_400,,uninhabited
395,USA_Santa_Cruz_395,2010,44046.00
393,USA_Santa_Catalina_393,2010,44046.00
391,USA_Santa_Barbara_391,,uninhabited
390,USA_San_Nicolas_390,,uninhabited
389,USA_San_Miguel_389,,uninhabited
388,USA_San_Juan_Islands_388,2010,44123.00
385,USA_San_Clemente_385,,uninhabited
1005,USA_Saipan_1005,2010,41376.00
1003,USA_Rota_1003,2010,41376.00
372,USA_Robins_Island_372,,
1309,USA_Rhode_Island_1309,2010,43508.00
1071,USA_Puerto_Rico_1071,2010,26435.70
1308,USA_Pennsylvania_1308,2010,42067.00
356,USA_Pearl_and_Hermes_356,,uninhabited
1002,USA_Pagan_1002,,uninhabited
1307,USA_Oregon_1307,2010,37625.00
538,USA_Olosega_538,2010,41376.00
1306,USA_Oklahoma_1306,2010,36664.00
1305,USA_Ohio_1305,2010,37465.00
537,USA_Ofu_537,2010,41376.00
321,USA_Oahu_321,2010,43047.00
318,USA_Northern_Mariana_Islands_318,,13600.00
1297,USA_North_Dakota_1297,2010,44435.00
1296,USA_North_Carolina_1296,2010,36268.00
307,USA_Niihau_307,2010,43047.00
309,USA_Nihoa_309,,uninhabited
1304,USA_New_York_1304,2010,50347.00
1302,USA_New_Mexico_1302,2010,34543.00
1301,USA_New_Jersey_1301,2010,52981.00
1299,USA_New_Hampshire_1299,2010,45272.00
1303,USA_Nevada_1303,2010,38269.00
304,USA_Necker_Island_304,,uninhabited
1298,USA_Nebraska_1298,2010,40958.00
1300,USA_Navassa_1300,,uninhabited
1295,USA_Montana_1295,2010,36316.00
288,USA_Molokai_288,2010,43047.00
1293,USA_Missouri_1293,2010,38125.00
1294,USA_Mississippi_1294,2010,32190.00
1292,USA_Minnesota_1292,2010,44340.00
286,USA_Midway_286,,uninhabited
1291,USA_Michigan_1291,2010,35965.00
277,USA_Mauii_277,2010,43047.00
1001,USA_Maug_Islands_1001,,uninhabited
1288,USA_Massachusetts_1288,2010,53152.00
1289,USA_Maryland_1289,2010,50789.00
1290,USA_Maine_1290,2010,38087.00
1287,USA_Louisiana_1287,2010,38373.00
258,USA_Lisianski_258,,uninhabited
251,USA_Lehua_251,,uninhabited
249,USA_Laysan_249,,uninhabited
247,USA_Lanai_247,2010,43047.00
232,USA_Kure_232,,uninhabited
1286,USA_Kentucky_1286,2010,33480.00
213,USA_Kaula_213,,uninhabited
222,USA_Kauai_222,2010,43047.00
1285,USA_Kansas_1285,2010,40381.00
214,USA_Kahoolawe_214,,uninhabited
1284,USA_Johnston_Island_1284,,uninhabited
1280,USA_Iowa_1280,2010,39409.00
1283,USA_Indiana_1283,2010,35205.00
1282,USA_Illinois_1282,2010,43554.00
1281,USA_Idaho_1281,2010,33046.00
180,USA_Huggins_Island_180,,
172,USA_Hawaiian_Islands_Kaloko_Honokohau_National_Historical_Park_172,,
171,USA_Hawaii_Island_171,2010,43046.84
1279,USA_Hawaii_1279,2010,43047.00
1000,USA_Guguan_1000,,uninhabited
869,USA_Guam_869,2010,41376.00
163,USA_Great_Gull_Island_163,,
1278,USA_Georgia_1278,2010,35999.00
1366,USA_Gardner_Pinnacles_1366,,uninhabited
151,USA_French_Frigate_Shoals_151,,uninhabited
1277,USA_Florida_1277,2010,39587.00
141,USA_Fire_Island_141,2010,50347.00
135,USA_Farallon_Island_135,2010,44046.00
999,USA_Farallon_de_Pajaros_999,,uninhabited
116,USA_District_of_Columbia_116,2010,73257.00
1276,USA_Delaware_1276,2010,41541.00
477,USA_Coterminous_USA_477,2010,41376.00
1274,USA_Connecticut_1274,2010,56193.00
1273,USA_Colorado_1273,2010,43819.00
75,USA_Central_Florida_75,2010,39586.51
1272,USA_California_1272,2010,44046.00
536,USA_Aunuu_536,2010,41376.00
996,USA_Asuncion_996,,uninhabited
33,USA_Assateague_Island_33,2010,50789.00
1270,USA_Arkansas_1270,2010,33987.00
1271,USA_Arizona_1271,2010,35783.00
15,USA_Angel_Islands_15,2010,44046.00
998,USA_Anatahan_998,,uninhabited
10,USA_Anacapa_10,2010,44046.00
6,USA_American_Samoa_6,2010,41376.00
3,USA_Alcatraz_3,,
1268,USA_Alaska_1268,2010,45826.00
994,USA_Alamagan_994,,uninhabited
1269,USA_Alabama_1269,2010,34711.00
997,USA_Aguijan_997,,uninhabited
995,USA_Agrihan_995,,uninhabited
1267,URY_Uruguay_1267,2000,8618.89
473,UKR_Upper_Dniester_473,2010,4360.94
1266,UKR_Ukraine_1266,2010,5889.90
106,UKR_Crimea_106,2010,4360.94
46,UKR_Black_Sea_Area_46,2010,4360.94
1265,UGA_Uganda_1265,2005,963.93
1264,TZA_Tanzania_1264,2010,1177.70
1263,TWN_Taiwan_1263,2005,26692.99
469,TUV_Tuvalu_469,2010,3238.50
1262,TUR_Turkey_Europe_1262,2000,8158.76
463,TUR_Turkey_463,2000,8158.76
1261,TUN_Tunisia_1261,2005,5667.38
460,TTO_Trinidad_and_Tobago_460,2010,15494.70
1260,TON_Tonga_1260,2010,3552.60
122,TLS_East_Timor_122,2010,875.80
464,TKM_Turkmenistan_464,2010,9828.70
292,TKM_Montane_Turkmenistan_292,2010,9828.70
217,TKM_Kara_Kum_217,2010,9828.70
448,TJK_Tursunzade_448,2010,739.70
441,TJK_Tajikistan_441,2010,739.70
447,TJK_Kurgan_Tyube_447,2010,739.70
446,TJK_Kulyab_446,2010,739.70
445,TJK_Khudjand_445,2010,739.70
440,TJK_Khorog_440,2010,739.70
444,TJK_Istravshan_444,2010,739.70
443,TJK_Isfara_443,2010,739.70
442,TJK_Dushanbe_442,2010,739.70
1259,THA_Thailand_1259,2010,8065.57
1258,TGO_Togo_1258,2005,725.43
719,TCD_Chad_719,2010,736.00
439,SYR_Syria_439,2010,739.70
1256,SYC_Therese_1256,,uninhabited
1255,SYC_St_Pierre_1255,,uninhabited
1254,SYC_St_Joseph_1254,,uninhabited
1252,SYC_St_Francois_1252,,uninhabited
1253,SYC_Silhouette_1253,2010,10805.10
413,SYC_Seychelles_413,2010,10805.10
1251,SYC_Remire_1251,2010,10805.10
1250,SYC_Recifs_1250,,uninhabited
1248,SYC_Providence_1248,2010,10805.10
1247,SYC_Praslin_1247,2010,10805.10
1246,SYC_Poivre_1246,2010,10805.10
1245,SYC_Platte_1245,2010,10805.10
1249,SYC_Petit_Soeur_1249,,uninhabited
1244,SYC_North_Island_1244,2010,10805.10
1243,SYC_Marie_Louise_1243,2010,10805.10
1242,SYC_Marianne_1242,,uninhabited
1241,SYC_Mahe_1241,2010,10805.10
1240,SYC_La_Digue_1240,2010,10805.10
1238,SYC_Ile_St_Anne_1238,,uninhabited
185,SYC_Ile_Moyenne_185,,uninhabited
1237,SYC_Ile_Longue_1237,2010,10805.10
1239,SYC_Ile_aux_Vaches_Marines_1239,,uninhabited
1235,SYC_Ile_au_Cerf_1235,2010,10805.10
1236,SYC_Ile_Anonyme_1236,,uninhabited
1234,SYC_Grande_Soeur_1234,,uninhabited
1233,SYC_Fregate_1233,2010,10805.10
1232,SYC_Felicite_1232,2010,10805.10
1231,SYC_Farquhar_1231,2010,10805.10
1229,SYC_Desroches_1229,2010,10805.10
1230,SYC_Desnoefs_1230,,uninhabited
1228,SYC_Denis_1228,,uninhabited
1227,SYC_Darros_1227,2010,10805.10
1226,SYC_Curieuse_1226,,uninhabited
1225,SYC_Cousine_1225,2010,10805.10
1224,SYC_Cousin_1224,,uninhabited
1223,SYC_Cosmoledo_1223,,uninhabited
1222,SYC_Conception_1222,2010,10805.10
1221,SYC_Coetivy_1221,2010,10805.10
1220,SYC_Cocos_1220,,uninhabited
1219,SYC_Booby_Island_1219,,uninhabited
1218,SYC_Bird_1218,2010,10805.10
1217,SYC_Astove_1217,,uninhabited
1216,SYC_Assumption_1216,2010,10805.10
1215,SYC_Aride_1215,2010,10805.10
1214,SYC_Alphonse_1214,2010,10805.10
1213,SYC_Aldabra_1213,,uninhabited
1212,SYC_African_Banks_1212,,uninhabited
1211,SXM_St_Martin_1211,2010,31299.30
1210,SWZ_Swaziland_1210,2010,2956.70
1209,SWE_Sweden_1209,2010,36132.56
1208,SVN_Slovenia_1208,2010,24901.65
1207,SVK_Slovakia_1207,2010,19288.38
1206,SUR_Suriname_1206,2010,8321.10
498,SUPRA_Western_Transcaucasia_498,,
495,SUPRA_Western_and_Central_Sahara_495,,
474,SUPRA_Upper_Tobol_474,,13222.71
472,SUPRA_Upper_Dnieper_472,,
462,SUPRA_Tropical_Africa_462,,
459,SUPRA_Transvolga_Area_459,,12817.58
456,SUPRA_Tien_Shan_456,,2732.55
438,SUPRA_Syr_Darya_foothills_438,,2367.50
428,SUPRA_Southern_Transcaucasia_428,,3093.76
426,SUPRA_Southern_Africa_426,,
424,SUPRA_South_Caucasus_424,,
352,SUPRA_Pamir_Altai_352,,1303.05
285,SUPRA_Middle_Dnieper_285,,6059.12
263,SUPRA_Lower_Volga_263,,12900.15
253,SUPRA_Lesser_Antilles_253,,
224,SUPRA_Kazyl_Kum_224,,1828.53
201,SUPRA_Irtysh_201,,13051.61
176,SUPRA_Hispaniola_Dominican_Republic_Haiti_176,,
167,SUPRA_Guianas_Guyana_Surinam_French_Guiana_167,,
131,SUPRA_Europe_131,,
125,SUPRA_Eastern_Transcaucasia_125,,4779.04
48,SUPRA_Borneo_48,,
42,SUPRA_Bessarabia_42,2010,3845.60
39,SUPRA_Baltic_States_Area_39,,
21,SUPRA_Arabia_Saudi_Arabia_Yemen_Oman_United_Arab_Emirates_Qatar_Bahrein_Kuwait_21,,
8,SUPRA_Amu_Darya_foothills_8,2005,1906.57
1177,SUPRA_Altai_1177,2010,6244.00
1205,STP_Sao_Tome_and_Principe_1205,2010,1128.00
408,STP_Sao_Tome_408,2010,2687.90
366,STP_Principe_366,2010,2687.90
427,SSI_Southern_Shetland_Islands_427,,
487,SRB_Vojvodina_487,2002,6098.67
412,SRB_Serbia_412,2002,6098.67
1203,SOM_Somalia_1203,2010,111.00
128,SLV_El_Salvador_128,2010,6167.54
1202,SLE_Sierra_Leone_1202,2005,727.10
419,SLB_Solomon_Islands_419,2010,1275.70
1196,SGP_Singapore_1196,2010,46596.70
1195,SEN_Senegal_1195,2005,1415.50
1194,SDN_Sudan_inkl_SdSudan_1194,2010,1580.15
1193,SAU_Saudi_Arabia_1193,2010,19326.60
1192,RWA_Rwanda_1192,2010,526.00
504,RUS_Zeya_Bureya_504,2010,15062.00
1171,RUS_Zelenyj_1171,,uninhabited
1188,RUS_Zabaykalsky_Krai_1188,2010,8699.15
501,RUS_Yenisei_501,2010,15062.00
492,RUS_West_Altai_492,2010,7348.98
1191,RUS_Voronezh_District_1191,2010,8369.43
489,RUS_Volga_Kama_489,2010,15062.00
488,RUS_Volga_Don_488,2010,15062.00
478,RUS_Ussuri_478,2010,15510.60
1169,RUS_Ushishir_1169,,uninhabited
1168,RUS_Urup_1168,,uninhabited
475,RUS_Upper_Volga_475,2010,15062.00
470,RUS_Uda_River_Area_470,2010,15510.60
1190,RUS_Tver_District_1190,2010,9571.78
1189,RUS_Tula_1189,2010,9052.44
1187,RUS_Tomsk_Oblast_1187,2010,16179.42
1167,RUS_Tanfilyeva_1167,,uninhabited
1166,RUS_Storozhevoy_1166,,uninhabited
1165,RUS_Shumushu_1165,2010,18744.00
1163,RUS_Shimushir_1163,,uninhabited
1164,RUS_Shikotan_1164,2010,18744.00
381,RUS_Salair_381,2010,7348.98
379,RUS_Sakhalin_379,2010,18744.00
1176,RUS_Ryazan_District_1176,2010,8915.79
377,RUS_Russian_Federation_European_part_377,2010,15062.00
376,RUS_Russian_Federation_376,2010,15062.00
375,RUS_Russian_Arctic_375,2010,15062.00
1186,RUS_Republic_of_Tyva_1186,2010,5911.00
1174,RUS_Republic_of_Mordovia_1174,2010,7415.00
1185,RUS_Republic_of_Khakassia_1185,2010,10460.00
1184,RUS_Republic_of_Buryatia_1184,2010,8351.00
1162,RUS_Polonskogo_1162,,uninhabited
1161,RUS_Paramushir_1161,2010,18744.00
1183,RUS_Omsk_Region_1183,2010,11142.00
327,RUS_Okhotsk_327,2010,18713.80
322,RUS_Ob_region_322,2010,15062.00
1182,RUS_Novosibirsk_Region_1182,2010,10755.00
319,RUS_Novaya_Zemlya_319,2010,15062.00
315,RUS_North_Caucasus_315,2010,15062.00
313,RUS_Nord_West_Altai_313,2010,7348.98
312,RUS_Nord_east_PreTeletsk_Altai_312,2010,6244.00
314,RUS_Nord_Altai_314,2010,6244.00
303,RUS_Nazarov_Minusinsk_Hollow_303,2010,15062.00
300,RUS_Murmansk_Area_300,2010,17501.12
298,RUS_Mountain_Shoriya_Gornaya_Shoriya_298,2010,13371.62
1175,RUS_Moscow_District_1175,2010,32714.55
1160,RUS_Matuwa_1160,,uninhabited
1159,RUS_Makanrushi_1159,,uninhabited
264,RUS_Magadan_Region_264,2010,21917.00
262,RUS_Lower_Don_262,2010,15062.00
1173,RUS_Lipetzk_District_1173,2010,12891.06
1172,RUS_Leningrad_District_1172,2010,19660.75
252,RUS_Lena_Kolyma_252,2010,15062.00
244,RUS_Ladoga_Ilmen_244,2010,19660.75
237,RUS_Kuznetsk_Depression_237,2010,13371.62
236,RUS_Kuznetsk_Alatau_west_region_236,2010,13372.00
235,RUS_Kuznetsk_Alatau_north_region_235,2010,13372.00
234,RUS_Kuznetsk_Alatau_east_region_234,2010,10459.56
1158,RUS_Kunashir_1158,2010,18744.00
1180,RUS_Krasnoyarsky_Krai_1180,2010,15062.00
231,RUS_Krasnodar_231,2010,11474.72
230,RUS_Kolyvan_Tomsk_Plateau_west_region_230,2010,10755.00
229,RUS_Kolyvan_Tomsk_Plateau_east_region_229,2010,13372.00
1157,RUS_Kharimkotan_1157,,uninhabited
1151,RUS_Khabarovsk_1151,2010,15510.60
1156,RUS_Ketoi_1156,,uninhabited
1181,RUS_Kemerovo_Region_1181,2010,13372.00
219,RUS_Karelia_Lapland_219,2010,11759.01
218,RUS_Karachaevo_Cherkessia_218,2010,5414.41
215,RUS_Kamchatka_215,2010,18744.00
1170,RUS_Iuriy_1170,,uninhabited
1155,RUS_Iturup_1155,2010,18744.00
1179,RUS_Irkutsk_Oblast_1179,2010,13167.32
1154,RUS_Ekarma_1154,,uninhabited
119,RUS_Dvina_Pechora_119,2010,15062.00
1153,RUS_Demina_1153,,uninhabited
112,RUS_Dauria_112,2010,85250.80
109,RUS_Dagestan_109,2010,5864.24
89,RUS_Ciscaucasia_89,2010,15062.00
88,RUS_Chukotka_88,2010,49146.97
24,RUS_Arctic_Siberia_24,2010,15062.00
23,RUS_Arctic_European_23,2010,15062.00
1152,RUS_Anuchina_1152,,uninhabited
711,RUS_Antsiferova_711,,uninhabited
13,RUS_Angara_River_Sayans_13,2010,15062.00
11,RUS_Anadyr_11,2010,15062.00
9,RUS_Amur_Region_9,2010,12827.00
1178,RUS_Altai_Republic_1178,2010,6244.00
5,RUS_Altai_Krai_5,2010,7348.98
1150,ROU_Romania_1150,2010,9376.19
1149,QAT_Qatar_1149,2010,71510.20
1122,PYF_Tupai_1122,,uninhabited
1120,PYF_Tetiaroa_1120,2010,23583.00
1121,PYF_Tahiti_1121,2010,23583.00
1119,PYF_Tahaa_1119,2010,23583.00
1087,PYF_Rapa_1087,2010,23583.00
1118,PYF_Raiatea_1118,2010,23583.00
1109,PYF_Oeno_1109,,uninhabited
1117,PYF_Mopelia_1117,2010,23583.00
1116,PYF_Moorea_1116,2010,23583.00
1115,PYF_Mehetia_1115,,uninhabited
1114,PYF_Maupiti_1114,2010,23583.00
1113,PYF_Maiao_1113,2010,23583.00
1112,PYF_Huahine_1112,2010,23583.00
1098,PYF_Henderson_1098,,uninhabited
155,PYF_Gambier_Islands_155,2010,23583.00
152,PYF_French_Polynesia_152,2010,25975.90
1111,PYF_Bora_Bora_1111,2010,23583.00
1086,PYF_Bellingshausen_1086,,uninhabited
1079,PYF_Agakauitai_1079,,uninhabited
351,PSE_Palestina_351,,
354,PRY_Paraguay_354,2008,3768.36
453,PRT_Terceira_453,2010,19785.70
406,PRT_Sao_Miguel_406,2010,19785.70
405,PRT_Sao_Jorge_405,2010,19785.70
399,PRT_Santa_Maria_399,2010,19785.70
1078,PRT_Salvage_Islands_1078,,uninhabited
1361,PRT_Portugal_mainland_1361,2010,19785.70
1073,PRT_Portugal_1073,2010,19785.70
1077,PRT_Porto_Santo_1077,2010,19785.70
359,PRT_Pico_359,2010,19785.70
1076,PRT_Madeira_1076,2010,19785.70
160,PRT_Graciosa_160,2010,19785.70
146,PRT_Flores_146,2010,19785.70
132,PRT_Faial_132,2010,19785.70
1075,PRT_Desertas_1075,,uninhabited
102,PRT_Corvo_102,2010,19785.70
1074,PRT_Azores_1074,2010,19785.70
1072,PRK_North_Korea_1072,2013,1800.00
291,PRI_Monito_291,,
289,PRI_Mona_289,,
267,PRI_Magueyes_267,,
182,PRI_Icacos_182,,
114,PRI_Desecheo_114,,
108,PRI_Culebra_108,,
74,PRI_Cayo_Santiago_74,,
65,PRI_Caja_de_Muertos_65,,
1070,POL_Poland_1070,2010,16700.90
353,PNG_Papua_New_Guinea_353,2010,1418.90
350,PLW_Palau_350,2010,9004.60
1069,PHL_Philippines_1069,2010,3193.63
1068,PER_Peru_1068,2010,7410.98
1067,PAN_Panama_1067,2008,10188.04
349,PAK_Pakistan_349,2005,2025.75
329,OMN_Oman_329,2010,20922.70
355,NZL_Pararaki_355,,uninhabited
1026,NZL_Norfolk_Island_1026,2010,33394.10
311,NZL_Niue_311,2010,33394.10
1035,NZL_New_Zealand_1035,2010,33394.10
297,NZL_Moturoa_297,2010,33394.10
296,NZL_Motuotamatea_296,2010,33394.10
295,NZL_Motumahanga_295,2010,33394.10
260,NZL_Lizard_Island_260,2010,33394.10
227,NZL_Kermadec_Island_227,,uninhabited
134,NZL_Fanal_Island_134,2010,33394.10
1037,NZL_Chatham_Islands_1037,2010,33394.10
67,NZL_Campbell_Island_67,,uninhabited
1036,NZL_Auckland_Islands_1036,,uninhabited
20,NZL_Aorangi_20,2010,33394.10
1034,NRU_Nauru_1034,2010,6233.90
1033,NPL_Nepal_1033,2006,999.76
1032,NOR_Svalbard_1032,2010,36582.98
1030,NOR_Norway_1030,2010,50490.91
1031,NOR_Jan_Mayen_1031,2010,36582.98
647,NLD_St_Eustatius_647,2010,18090.40
648,NLD_Saba_648,2010,18090.40
305,NLD_Netherlands_Antilles_305,2010,18090.40
1029,NLD_Netherlands_1029,2010,38189.65
646,NLD_Bonaire_646,2010,18090.40
1028,NIC_Nicaragua_1028,2005,2189.42
1027,NGA_Nigeria_1027,2008,1929.38
1025,NER_Niger_1025,2005,502.51
1023,NAM_Namibia_1023,2005,4244.89
1022,MYS_Penninsular_Malaysia_1022,2010,11961.50
270,MYS_Malaysia_270,2010,11961.50
1021,MWI_Malawi_1021,2005,481.42
373,MUS_Rodrigues_373,2010,7772.10
1020,MUS_Mauritius_1020,2010,7772.10
507,MTQ_GLP_Martinique_and_Guadeloupe_507,2010,35008.00
1017,MRT_Mauritania_1017,2010,1201.80
1014,MOZ_Zambezia_1014,2009,423.00
1016,MOZ_Tete_1016,2009,514.00
1015,MOZ_Sofala_1015,2009,1150.00
1007,MOZ_Niassa_1007,2009,423.58
1012,MOZ_Nampula_1012,2009,551.00
299,MOZ_Mozambique_299,2009,755.00
1011,MOZ_Maputo_1011,2009,2033.00
1008,MOZ_Manica_1008,2009,573.00
1010,MOZ_Inhambane_1010,2009,860.00
1009,MOZ_Gaza_1009,2009,678.00
1013,MOZ_Cabo_Delgado_1013,2009,475.00
290,MNG_Mongolia_290,2010,3522.56
294,MNE_Montenegro_294,2010,6636.90
301,MMR_Myanmar_301,2012,1421.50
993,MLT_Malta_993,2010,19694.10
992,MLI_Mali_992,2005,870.49
991,MKD_Macedonia_991,2010,7626.39
990,MHL_Rongelap_990,,uninhabited
275,MHL_Marshall_Islands_275,2010,3126.50
989,MHL_Majuro_989,2010,3126.52
988,MHL_Enewetak_988,2010,3126.52
987,MHL_Ailinginae_987,,uninhabited
986,MEX_Zacatecas_986,2010,8200.00
985,MEX_Yucatan_985,2010,9599.41
984,MEX_Veracruz_984,2010,8284.00
483,MEX_Ventana_483,,
968,MEX_Valle_de_Mexiko_968,2010,8286.94
983,MEX_Tlaxcala_983,2010,6221.00
455,MEX_Tiburon_455,2010,12928.00
982,MEX_Tamaulipas_982,2010,12718.00
981,MEX_Tabasco_981,2010,22159.00
980,MEX_Sonora_980,2010,12928.00
979,MEX_Socorro_979,2010,11940.00
416,MEX_Smith_416,,
977,MEX_Sinaloa_977,2010,10247.00
394,MEX_Santa_Cruz_394,,
392,MEX_Santa_Catalina_392,2010,12689.00
978,MEX_San_Luis_Potosi_978,2010,9903.81
387,MEX_San_Jose_387,2010,12689.00
976,MEX_Quintana_Roo_976,2010,14307.00
975,MEX_Queretaro_975,2010,13624.14
974,MEX_Puebla_974,2010,7866.00
363,MEX_Piojo_363,,uninhabited
973,MEX_Oaxaca_973,2010,5479.00
972,MEX_Nuevo_Leon_972,2010,21620.74
971,MEX_Nayarit_971,2010,7347.00
970,MEX_Morelos_970,2010,8380.00
287,MEX_Mitlan_287,,
969,MEX_Michoacan_969,2010,7416.00
284,MEX_Mexico_State_284,2010,8286.94
1369,MEX_Mexico_Baja_California_1369,2010,12689.00
283,MEX_Mexico_283,2010,11940.00
281,MEX_Mejia_281,,
210,MEX_Jorobado_210,,
967,MEX_Jalisco_967,2010,11486.00
966,MEX_Hidalgo_966,2010,7824.00
964,MEX_Guerrero_964,2010,5888.00
965,MEX_Guanajuato_965,2010,9607.00
164,MEX_Guadalupe_Baja_California_164,2010,11940.00
157,MEX_Gemelito_West_157,,
143,MEX_Flecha_143,,
963,MEX_Durango_963,2010,10306.00
962,MEX_Distrito_Federal_962,2010,26176.00
101,MEX_Coronadito_101,,
961,MEX_Colima_961,2010,11467.00
960,MEX_Coahuila_960,2010,15162.00
958,MEX_Chihuahua_958,2010,11682.00
959,MEX_Chiapas_959,2010,5130.00
76,MEX_Cerralvo_76,,
70,MEX_Carmen_70,,
957,MEX_Campeche_957,2010,84158.00
63,MEX_Cabeza_de_Caballo_63,,
956,MEX_Baja_California_Sur_956,2010,12689.00
955,MEX_Baja_California_Norte_955,2010,11540.14
14,MEX_Angel_de_la_Guarda_14,,uninhabited
954,MEX_Aguascalientes_954,2010,12449.00
271,MDV_Maldives_271,2010,7013.40
953,MDG_Madagascar_953,2010,414.10
952,MDA_Moldova_952,2010,3845.60
951,MAR_Morocco_951,2010,3621.14
950,LVA_Latvia_950,2005,12030.63
949,LUX_Luxemburg_949,2005,73242.97
948,LTU_Lithuania_948,2010,14136.06
947,LSO_Lesotho_947,2000,1078.83
946,LKA_Sri_Lanka_946,2010,4065.56
945,LIE_Liechtenstein_945,2010,140707.10
944,LCA_St_Lucia_944,2010,7059.60
943,LBY_Libya_943,2010,12378.50
942,LBR_Liberia_942,2010,326.60
250,LBN_Lebanon_250,2010,8763.80
941,LAO_Laos_941,2010,1122.90
233,KWT_Kuwait_233,2010,37724.30
940,KOR_South_Korea_940,2010,26613.77
434,KNA_St_Kitts_and_Nevis_434,2010,13227.00
938,KNA_Saint_Kitts_938,2010,13227.00
939,KNA_Nevis_939,2010,13227.00
937,KIR_Teraina_937,2010,1539.10
936,KIR_Tabuaeran_936,2010,1539.10
935,KIR_Sydney_935,,uninhabited
929,KIR_Palmyra_929,,uninhabited
317,KIR_Northern_Line_Islands_Palmyra_Tabuaeran_Teraina_317,2010,1539.10
934,KIR_McKean_934,,uninhabited
928,KIR_Kiritimati_928,2010,1539.10
228,KIR_Kiribati_228,2010,1539.10
933,KIR_Hull_933,,uninhabited
932,KIR_Gardner_932,,uninhabited
931,KIR_Enderbury_931,,uninhabited
72,KIR_Caroline_Atoll_72,,
930,KIR_Canton_930,2010,1539.10
66,KHM_Cambodia_66,2010,782.70
927,KGZ_Kyrgyzstan_927,2005,1889.67
926,KEN_Kenya_926,2005,1143.73
246,KAZ_Lake_Balkhash_area_246,2010,11130.72
223,KAZ_Kazakhstan_223,2010,11130.72
120,KAZ_Dzungaria_Tarbatagai_120,2010,11130.72
22,KAZ_Aral_Caspian_22,2010,11130.72
415,JPN_Shikoku_415,2009,30094.00
328,JPN_Okinawa_328,2009,21393.00
238,JPN_Kyushu_238,2009,30094.00
925,JPN_Japan_925,2009,30094.00
178,JPN_Honshu_178,2009,30094.00
209,JOR_Jordan_209,2010,4469.07
923,JAM_Jamaica_923,2010,4917.00
468,ITA_Tuscany_Islands_468,2010,28380.92
467,ITA_Tuscany_467,2010,30749.29
922,ITA_Sicily_922,2010,28380.92
921,ITA_Sardinia_921,2010,28380.92
360,ITA_Piemonte_360,2010,30676.00
256,ITA_Liguria_256,2010,29821.00
920,ITA_Italy_mainland_920,2010,28380.92
205,ITA_Italy_205,2010,28381.00
919,ISR_Israel_919,2005,23227.20
916,ISL_Westfjords_916,2010,41695.90
918,ISL_Vesturland_918,2010,41695.90
437,ISL_Surtsey_437,,uninhabited
917,ISL_Sudurland_917,2010,41695.90
915,ISL_Nordurland_915,2010,41695.90
914,ISL_Iceland_IMI_914,2010,41695.90
183,ISL_Iceland_183,2010,41695.90
913,ISL_Austurland_913,2010,41695.90
199,IRQ_Iraq_199,2010,4487.40
198,IRN_Iran_198,2010,9429.37
179,IRN_Hormuz_and_Qeshm_179,2010,9429.37
200,IRL_Republic_of_Ireland_200,2010,34902.26
912,IRL_Ireland_912,2010,47903.70
911,IND_West_Bengal_911,2010,3153.00
909,IND_Uttarakhand_909,2010,2051.13
910,IND_Uttar_Pradesh_910,2010,2051.00
908,IND_Tripura_908,2010,2880.00
907,IND_Tamil_Nadu_907,2010,4590.00
906,IND_Sikkim_906,2010,5645.00
905,IND_Rajasthan_905,2010,2882.00
904,IND_Punjab_904,2010,5029.00
903,IND_Puducherry_903,2010,6375.20
902,IND_Odisha_Orissa_902,2010,2826.00
901,IND_Nagaland_901,2010,3369.00
900,IND_Mizoram_900,2010,2080.76
899,IND_Meghalaya_899,2010,3133.00
897,IND_Manipur_897,2010,2061.00
896,IND_Maharashtra_896,2010,5577.00
898,IND_Madhya_Pradesh_898,2010,2364.00
895,IND_Lakshadweep_895,2010,3477.00
894,IND_Kerala_894,2010,5003.00
221,IND_Kashmir_Himalaya_221,2010,3477.00
893,IND_Karnataka_893,2010,4033.00
892,IND_Jharkhand_892,2010,3477.00
891,IND_Jammu_and_Kashmir_891,2010,2669.31
190,IND_India_Western_Ghats_190,2010,3476.77
189,IND_India_Himachal_Pradesh_189,2010,4843.65
188,IND_India_Eastern_Ghats_188,2010,3476.77
187,IND_India_187,2010,3477.00
890,IND_Himachal_Pradesh_890,2010,4844.00
889,IND_Haryana_889,2010,6317.00
888,IND_Gujarat_888,2010,5185.00
887,IND_Goa_887,2010,12831.02
886,IND_Delhi_886,2010,9644.00
885,IND_Chhattisgarh_885,2010,2363.79
884,IND_Chandigarh_884,2010,11594.00
883,IND_Bihar_883,2010,1453.00
882,IND_Assam_882,2010,2080.76
881,IND_Aruchanal_Pradesh_881,2010,3650.00
880,IND_Andhra_Pradesh_880,2010,4218.00
879,IND_Andaman_and_Nicobar_879,2010,3477.00
878,IMN_Isle_of_Man_878,2010,34266.97
197,IDN_Sumatra_197,2010,3137.40
196,IDN_Sulawesi_196,2010,3137.40
195,IDN_Papua_195,2010,3137.40
194,IDN_Nusa_Tenggara_194,2010,3137.40
193,IDN_Maluku_193,2010,3137.40
192,IDN_Kalimantan_192,2010,3137.40
191,IDN_Java_Bali_191,2010,3137.40
877,IDN_Indonesia_877,2010,3137.40
876,HUN_Hungary_876,2010,16556.20
875,HTI_Tortue_875,2005,1269.05
170,HTI_Haiti_170,2005,1269.05
874,HTI_Gonave_874,2005,1269.05
873,HRV_Croatia_873,2010,14672.20
177,HND_Honduras_177,2005,3298.90
872,HMD_MacDonald_Island_872,,
871,HMD_Heard_Island_871,,uninhabited
870,GUY_Guyana_870,2010,2874.00
868,GUF_French_Guiana_868,2010,19600.00
165,GTM_Guatemala_165,2005,5588.84
867,GRL_Greenland_867,2010,40447.00
866,GRD_Grenada_866,2010,7366.60
502,GRC_Yioura_502,,uninhabited
310,GRC_Nisyros_310,2010,25225.52
184,GRC_Ikaria_184,2010,25225.52
865,GRC_Greece_865,2010,25225.52
104,GRC_Crete_Karpathos_Kasos_Saria_104,2010,25225.52
73,GRC_Carpathos_73,2010,25225.52
129,GNQ_Equatorial_Guinea_129,2010,16611.50
45,GNQ_Bioko_45,2010,1340.20
864,GNB_South_864,2010,1340.20
863,GNB_North_863,2010,1340.20
169,GNB_Guinea_Bissau_Bijagos_169,2010,1340.20
168,GNB_Guinea_Bissau_168,2010,1340.20
862,GNB_East_862,2010,1340.20
154,GMB_Gambia_154,2005,1110.03
861,GLP_Maria_Galante_861,2010,21780.00
860,GIN_Guinea_860,2010,435.40
859,GHA_Ghana_859,2005,1658.09
858,GEO_Georgia_Republic_858,2010,2613.80
857,GBR_Wales_857,2010,25630.00
1329,GBR_Virgin_Gorda_1329,2010,32839.90
465,GBR_Turks_and_Caicos_Islands_465,2007,29100.00
461,GBR_Tristan_de_Cunha_Islands_461,2010,34266.97
1201,GBR_Tristan_da_Cunha_1201,2010,34266.97
1328,GBR_Tortola_1328,2010,32839.90
432,GBR_St_Helena_432,2010,34266.97
1197,GBR_South_Georgia_Islands_1197,2010,34266.97
414,GBR_Shetland_414,2010,34266.97
856,GBR_Scotland_856,2010,33791.00
410,GBR_Sark_410,2010,34266.97
364,GBR_Pitcairn_Island_Group_364,2010,23583.00
1110,GBR_Pitcairn_Island_1110,2010,23583.00
348,GBR_Outer_Hebrides_348,2010,34266.97
347,GBR_Orkney_347,2010,34266.97
855,GBR_Northern_Ireland_855,2010,27032.00
1200,GBR_Nightingale_1200,,uninhabited
1018,GBR_Montserrat_1018,2010,11650.00
259,GBR_Little_Cayman_259,,
257,GBR_Lihou_257,,
1327,GBR_Jost_van_Dyke_1327,2010,32839.90
207,GBR_Jethou_207,,
924,GBR_Jersey_and_Guernsey_924,2010,34266.97
206,GBR_Jersey_206,2010,34266.97
204,GBR_Isle_of_Wight_204,2010,34266.97
203,GBR_Isle_of_Rhum_203,,uninhabited
1199,GBR_Inaccessible_Island_1199,,uninhabited
174,GBR_Herm_174,,
166,GBR_Guernsey_166,2010,34266.97
1326,GBR_Guana_Island_1326,2010,32839.90
162,GBR_Great_Britain_162,2010,34266.97
1198,GBR_Gough_Island_1198,2010,34266.97
133,GBR_Falklands_133,2010,34266.97
854,GBR_England_854,2010,34266.97
853,GBR_Diego_Garcia_853,2010,34266.97
105,GBR_Crevichon_105,,
90,GBR_Clyde_Islands_90,2010,34266.97
84,GBR_Channel_Islands_84,2010,34266.97
822,GBR_Cayman_Islands_822,2010,58857.00
61,GBR_Burhou_61,,
661,GBR_Bermuda_661,2010,88207.30
544,GBR_Barbuda_544,2010,13017.30
32,GBR_Ascension_32,2010,34266.97
18,GBR_Antigua_and_Barbuda_18,2010,13017.30
543,GBR_Antigua_543,2010,13017.30
510,GBR_Anguilla_510,2010,19478.00
16,GBR_Anglesey_16,2010,34266.97
1325,GBR_Anegada_1325,2010,32839.90
4,GBR_Alderney_4,2010,34266.97
852,GAB_Gabon_852,2005,10120.32
302,FSM_Namonuito_and_Hall_Islands_302,2010,3269.90
216,FSM_Kapingamarangi_Atoll_216,2010,3269.90
136,FSM_Federated_States_of_Micronesia_136,2010,3269.90
851,FRO_Faroe_Islands_851,2010,46412.50
482,FRA_Vaucluse_482,2010,28830.79
1148,FRA_Vahanga_1148,,uninhabited
1108,FRA_Ua_Pou_1108,2010,23583.00
1107,FRA_Ua_Huka_1107,2010,23583.00
1085,FRA_Tubuai_1085,2010,23583.00
1147,FRA_Toau_1147,2010,23583.00
1143,FRA_Tikehau_1143,2010,23583.00
1146,FRA_Tepoto_Nord_1146,2010,23583.00
1142,FRA_Tenarunga_1142,,uninhabited
1141,FRA_Tenararo_1141,,uninhabited
1096,FRA_Temoe_1096,,uninhabited
1095,FRA_Tekava_1095,,uninhabited
1094,FRA_Tauna_1094,,uninhabited
1093,FRA_Taravai_1093,2010,23583.00
1097,FRA_Tarauru_Roa_1097,,uninhabited
1145,FRA_Takume_1145,2010,23583.00
449,FRA_Takaroa_449,2010,23583.00
1144,FRA_Takapoto_1144,2010,23583.00
1140,FRA_Taiaro_1140,2010,23583.00
1106,FRA_Tahuata_1106,2010,23583.00
1204,FRA_St_Pierre_and_Miquelon_1204,2010,31299.30
652,FRA_St_Barthelemy_652,2010,31299.30
374,FRA_Rurutu_374,2010,23583.00
1084,FRA_Rurutu_1084,2010,23583.00
1083,FRA_Rimatara_1083,2010,23583.00
369,FRA_Raroia_369,2010,23583.00
1139,FRA_Rangiroa_1139,2010,23583.00
1082,FRA_Raivavae_1082,2010,23583.00
1105,FRA_Nuku_Hiva_1105,2010,23583.00
1138,FRA_Niau_1138,2010,23583.00
1024,FRA_New_Caledonia_1024,2010,36789.00
1137,FRA_Nengonengo_1137,,uninhabited
1135,FRA_Moruroa_1135,,uninhabited
1104,FRA_Mohotani_1104,,uninhabited
1134,FRA_Matureivavao_1134,,uninhabited
1131,FRA_Mataiva_1131,2010,23583.00
1136,FRA_Marutea_Sud_1136,2010,23583.00
1019,FRA_Martinique_1019,2010,31299.30
1080,FRA_Marotiri_1080,,uninhabited
1081,FRA_Maria_Australes_1081,,uninhabited
1133,FRA_Manihi_1133,2010,23583.00
1092,FRA_Mangareva_1092,2010,23583.00
269,FRA_Makatea_269,2010,23583.00
1132,FRA_Makatea_1132,2010,23583.00
1091,FRA_Makaroa_1091,,uninhabited
243,FRA_La_Reunion_243,2010,31299.30
242,FRA_La_Possession_Crozet_Archipelago_242,,uninhabited
850,FRA_Kerguelen_850,2010,31299.30
1130,FRA_Kaukura_1130,2010,23583.00
1090,FRA_Kamaka_1090,,uninhabited
1103,FRA_Hiva_Oa_1103,2010,23583.00
1129,FRA_Hiti_1129,,uninhabited
1102,FRA_Hatutaa_1102,,uninhabited
1128,FRA_Hao_1128,2010,23583.00
156,FRA_Gard_156,2010,24216.03
1362,FRA_France_mainland_1362,2010,31299.30
846,FRA_France_846,2010,31299.30
1101,FRA_Fatu_Huku_1101,,uninhabited
1100,FRA_Fatu_Hiva_1100,2010,23583.00
1127,FRA_Fangataufa_1127,,uninhabited
1126,FRA_Fakahina_1126,2010,23583.00
1099,FRA_Eiao_1099,,uninhabited
113,FRA_Departement_Var_113,2010,28830.79
847,FRA_Crozet_Island_847,2010,31299.30
849,FRA_Corsica_849,2010,31299.30
848,FRA_Clipperton_Island_848,,uninhabited
49,FRA_Bouches_du_Rhone_49,2010,28830.79
1089,FRA_Aukena_1089,2010,23583.00
1125,FRA_Apataki_1125,2010,23583.00
1124,FRA_Anaa_1124,2010,23583.00
7,FRA_Amsterdam_Island_7,2010,31299.30
1088,FRA_Akamaru_1088,2010,23583.00
1123,FRA_Ahunui_1123,,uninhabited
845,FJI_Rotuma_845,2010,3649.40
844,FJI_Nayau_844,,
843,FJI_Nasoata_843,,uninhabited
842,FJI_Lakeba_842,2010,3649.40
140,FJI_Fiji_140,2010,3649.40
841,FJI_Aiwa_841,,uninhabited
840,FIN_Finland_840,2010,32991.91
839,ETH_Ethiopia_839,2010,343.70
838,EST_Estonia_838,2010,17017.47
452,ESP_Tenerife_452,2010,25512.00
1360,ESP_Spain_mainland_1360,2010,27332.01
835,ESP_Spain_835,2010,27332.01
365,ESP_Pithyusics_365,2010,31876.00
282,ESP_Menorca_282,2010,31876.00
272,ESP_Mallorca_272,2010,31876.00
248,ESP_Lanzarote_248,2010,25512.00
241,ESP_La_Palma_241,2010,25512.00
240,ESP_La_Gomera_240,2010,25512.00
181,ESP_Ibiza_181,2010,31876.00
161,ESP_Gran_Canaria_161,2010,25512.00
153,ESP_Fuerteventura_153,2010,25512.00
148,ESP_Formentera_148,2010,31876.00
127,ESP_El_Hierro_127,2010,25512.00
837,ESP_Canary_Islands_837,2010,25512.00
64,ESP_Cabrera_64,2010,31876.00
836,ESP_Balearics_836,2010,31876.00
497,ESH_Western_Sahara_497,2010,3621.14
834,ERI_Eritrea_834,2010,368.70
833,EGY_Egypt_833,2007,4340.46
500,ECU_Wolf_500,,uninhabited
403,ECU_Santiago_403,,uninhabited
397,ECU_Santa_Fe_397,,uninhabited
396,ECU_Santa_Cruz_396,2005,15568.00
386,ECU_San_Cristobal_386,2005,15568.00
362,ECU_Pinzon_362,,uninhabited
361,ECU_Pinta_361,,uninhabited
273,ECU_Marchena_273,,uninhabited
202,ECU_Isabela_202,2005,15568.00
158,ECU_Genovesa_158,,uninhabited
832,ECU_Galapagos_832,2005,15568.00
145,ECU_Floreana_145,2005,15568.00
138,ECU_Fernandina_138,,uninhabited
130,ECU_Espanola_130,,uninhabited
831,ECU_Ecuador_831,2005,5520.00
110,ECU_Darwin_110,,uninhabited
830,DZA_Algeria_830,2005,5988.78
829,DOM_Dominican_Republic_829,2010,5295.40
41,DOM_Beata_41,,
828,DNK_Denmark_828,2010,33716.83
827,DMA_Dominica_827,2010,6926.80
826,DJI_Djibouti_826,2010,1353.00
825,DEU_Germany_825,2010,34230.11
824,CZE_Czech_Republic_824,2010,23394.38
823,CYP_Cyprus_823,2010,30438.90
820,CUW_Curacao_820,2010,20001.00
107,CUB_Cuba_Biosphere_Reserve_Baconao_Coastal_Terraces_107,2010,5702.00
819,CUB_Cuba_819,2010,5702.00
293,CRI_Monte_Verde_Area_293,2005,9939.32
103,CRI_Costa_Rica_Isla_del_Coco_103,,uninhabited
818,CRI_Costa_Rica_818,2005,9939.32
409,CPV_Sao_Vicente_409,2010,3767.12
407,CPV_Sao_Nicolau_407,2010,3767.12
404,CPV_Santo_Antao_404,2010,3767.12
402,CPV_Santiago_402,2010,3767.12
398,CPV_Santa_Luzia_398,2010,uninhabited
380,CPV_Sal_380,2010,3767.12
370,CPV_Raso_370,,uninhabited
268,CPV_Maio_268,2010,3767.12
147,CPV_Fogo_147,2010,3767.12
817,CPV_Cape_Verde_817,2010,3413.30
51,CPV_Brava_51,2010,3767.12
50,CPV_Branco_50,,uninhabited
47,CPV_Boavista_47,2010,3767.12
816,COM_Comoros_816,2010,759.30
97,COL_Pacific_Region_97,2010,7534.48
96,COL_Orinoquia_96,2010,9324.06
95,COL_Department_Antioquia_95,2010,7709.94
815,COL_Colombia_815,2010,7534.48
98,COL_Chocco_98,2010,3216.24
94,COL_Caribbean_region_94,2010,7534.48
12,COL_Andres_Old_Providence_Sainte_Cataline_12,2010,7534.48
93,COL_Andean_region_93,2010,7534.48
92,COL_Amazon_regiom_92,2010,7534.48
814,COK_Takutea_814,,uninhabited
813,COK_Suwarrow_813,,uninhabited
811,COK_Rarotonga_811,2010,12653.00
812,COK_Rakahanga_812,2010,12653.00
810,COK_Pukapuka_Cook_810,2010,12653.00
809,COK_Penrhyn_Tongareva_809,2010,12653.00
808,COK_Palmerston_808,2010,12653.00
807,COK_Nassau_807,2010,12653.00
806,COK_Mitiaro_806,2010,12653.00
803,COK_Mauke_803,2010,12653.00
804,COK_Manuae_804,,uninhabited
805,COK_Manihiki_805,2010,12653.00
802,COK_Mangaia_802,2010,12653.00
99,COK_Cook_Islands_99,2010,12653.00
801,COK_Atiu_801,2010,12653.00
800,COK_Aitutaki_800,2010,12653.00
799,COG_Congo_799,2005,2183.40
798,COD_Congo_Dem_Rep_798,2005,207.47
797,CMR_Cameroon_797,2005,1742.69
796,CIV_Cote_dIvoire_796,2005,1298.50
772,CHN_Zhejiang_772,2010,12032.00
786,CHN_Yunnan_786,2010,3711.00
795,CHN_Xizang_795,2010,3985.69
794,CHN_Xinjiang_794,2010,5883.00
454,CHN_Tibet_454,2010,3986.00
764,CHN_Tianjing_764,2010,16788.00
784,CHN_Sichuan_784,2010,10398.98
766,CHN_Shanxi_766,2010,6086.00
770,CHN_Shanghai_770,2010,17622.00
776,CHN_Shandong_776,2010,9658.00
788,CHN_Shaanxi_788,2010,6408.00
790,CHN_Qinghai_790,2010,5671.00
791,CHN_Ningxia_791,2010,7295.74
787,CHN_Neimenggu_787,2010,7295.74
793,CHN_Macau_793,2010,53046.00
767,CHN_Liaoning_767,2010,9974.00
768,CHN_Jilin_768,2010,7459.00
775,CHN_Jiangxi_775,2010,5008.00
208,CHN_Jiangsu_and_Shanghai_208,,
771,CHN_Jiangsu_771,2010,12446.00
779,CHN_Hunan_779,2010,5771.00
778,CHN_Hubei_778,2010,6590.00
792,CHN_HongKong_792,2010,32550.10
777,CHN_Henan_777,2010,5805.00
769,CHN_Heilongjiang_769,2010,6395.00
173,CHN_Hebei_Beijing_Tianjin_173,,
765,CHN_Hebei_765,2010,6702.00
782,CHN_Hainan_782,2010,7746.07
785,CHN_Guizhou_785,2010,3127.00
781,CHN_Guangxi_781,2010,4908.00
780,CHN_Guangdong_780,2010,5248.93
789,CHN_Gansu_789,2010,7295.74
774,CHN_Fujian_774,2010,9434.00
783,CHN_Chongqing_783,2010,10398.98
86,CHN_China_86,2010,7746.00
763,CHN_Beijing_763,2010,17006.00
773,CHN_Anhui_773,2010,4905.00
480,CHL_Valparaiso_Region_480,2010,9907.84
762,CHL_Valparaiso_762,2010,9908.00
761,CHL_Valdivia_761,2010,6438.28
760,CHL_Ultima_Esperanza_760,2010,12004.52
759,CHL_Tocopilla_759,2010,42173.79
758,CHL_Tierra_del_Fuego_CHL_758,2010,12527.00
451,CHL_Tarapaca_and_Arica_y_Parinacota_451,2010,17194.36
756,CHL_Talca_756,2010,7285.92
757,CHL_Talagante_757,2010,14873.59
401,CHL_Santiago_Metropolitan_401,2010,14873.59
755,CHL_Santiago_755,2010,14873.59
753,CHL_Santa_Clara_753,,uninhabited
754,CHL_San_Felipe_de_Aconcagua_754,2010,9907.84
752,CHL_San_Antonio_752,2010,9907.84
751,CHL_Robinso_Crusoe_Island_751,2010,12526.56
750,CHL_Quillota_750,2010,9907.84
747,CHL_Petorca_747,2010,9907.84
749,CHL_Parinacota_749,2010,17194.36
748,CHL_Palena_748,2010,6438.28
746,CHL_Osorno_746,2010,6438.28
745,CHL_Nuble_745,2010,8323.59
741,CHL_Melipilla_741,2010,14873.59
278,CHL_Maule_278,2010,7285.92
744,CHL_Malleco_744,2010,4877.78
743,CHL_Maipo_743,2010,14873.59
265,CHL_Magallanes_y_la_Antartica_Chilena_265,2010,12004.52
742,CHL_Magallanes_742,2010,12004.52
261,CHL_Los_Lagos_261,2010,6438.00
737,CHL_Los_Andes_737,2010,9907.84
738,CHL_Llanquihue_738,2010,6438.28
740,CHL_Linares_740,2010,7285.92
739,CHL_Limari_739,2010,9485.10
254,CHL_Libertador_General_Bernardo_OHiggins_254,2010,10985.00
239,CHL_La_Araucania_and_Los_Rios_239,2010,12526.56
211,CHL_Juan_Fernandez_Islands_211,2010,12526.56
736,CHL_Iquique_736,2010,17194.36
735,CHL_Huasco_735,2010,18564.72
734,CHL_General_Carrera_734,2010,9344.71
733,CHL_Elqui_733,2010,9485.10
732,CHL_El_Loa_732,2010,42173.79
124,CHL_Easter_Island_Rapa_Nui_124,2010,12526.56
731,CHL_Curico_731,2010,7285.92
721,CHL_Cordillera_721,2010,14873.59
100,CHL_Coquimbo_100,2010,9485.00
727,CHL_Copiapo_727,2010,18564.72
726,CHL_Concepcion_726,2010,8323.59
725,CHL_Colchagua_725,2010,10984.74
724,CHL_Coihaique_724,2010,9344.71
723,CHL_Choapa_723,2010,9485.10
722,CHL_Chiloe_722,2010,6438.28
85,CHL_Chile_85,2010,12527.00
1257,CHL_Chaparal_1257,2010,18564.72
83,CHL_Chacabuco_83,2010,14873.59
730,CHL_Cautin_730,2010,4877.78
729,CHL_Cauquenes_729,2010,7285.92
720,CHL_Cardenal_Caro_720,2010,10984.74
728,CHL_Capitan_Prat_728,2010,9344.71
718,CHL_Cachapoal_718,2010,10984.74
44,CHL_Biobio_Region_44,2010,8323.59
717,CHL_Biobio_717,2010,8324.00
36,CHL_Aysen_del_General_Carlos_Ibanez_del_Campo_36,2010,9344.71
34,CHL_Atacama_34,2010,18565.00
714,CHL_Arica_714,2010,17194.36
716,CHL_Arauco_716,2010,8323.59
19,CHL_Antofagasta_Province_19,2005,11068.38
713,CHL_Antofagasta_713,2010,42173.79
17,CHL_Antartica_Chilena_17,2010,12004.52
715,CHL_Alejandro_Selkirk_Island_715,2010,12526.56
712,CHL_Aisen_712,2010,9344.71
710,CHE_Switzerland_710,2010,39985.63
708,CAN_Yukon_708,2010,55778.09
707,CAN_Saskatchewan_707,2010,38562.00
706,CAN_Sable_Island_706,2010,29686.43
367,CAN_Queen_Charlotte_Islands_367,2010,35304.00
705,CAN_Quebec_705,2010,32322.00
704,CAN_Prince_Edward_Island_704,2010,27838.00
703,CAN_Ontario_703,2010,38361.00
702,CAN_Nunavut_702,2010,55778.09
700,CAN_Nova_Scotia_700,2010,29686.00
701,CAN_Northwest_Territories_701,2010,55778.09
699,CAN_Newfoundland_699,2010,33941.54
698,CAN_New_Brunswick_698,2010,29484.00
279,CAN_McKenzie_279,2010,55778.09
697,CAN_Manitoba_697,2010,33713.00
696,CAN_Labrador_696,2010,33941.54
226,CAN_Kent_Island_226,,
225,CAN_Keewatin_225,2010,55778.09
149,CAN_Franklin_149,2010,55778.09
115,CAN_Devon_Island_115,,uninhabited
68,CAN_Canada_68,2010,37110.00
695,CAN_British_Columbia_695,2010,35304.00
694,CAN_Alberta_694,2010,49837.00
693,CAF_Central_African_Republic_693,2010,456.60
692,BWA_Botswana_692,2010,6492.90
43,BTN_Bhutan_43,2010,2201.30
59,BRN_Brunei_59,2010,31453.00
691,BRB_Barbados_691,2010,15854.40
671,BRA_Trindade_and_Martin_Vaz_671,,uninhabited
690,BRA_Tocatins_690,2010,11171.53
688,BRA_Sergipe_688,2010,4863.00
689,BRA_Sao_Paulo_689,2010,12705.00
687,BRA_Santa_Catarina_687,2010,10255.00
685,BRA_Roraima_685,2010,7693.31
684,BRA_Rondonia_684,2010,7693.31
686,BRA_Rio_Grande_do_Sul_686,2010,9921.00
683,BRA_Rio_Grande_do_Norte_683,2010,4289.00
682,BRA_Rio_de_Janeiro_682,2010,10699.00
680,BRA_Piaui_680,2010,2973.00
679,BRA_Pernambuco_679,2010,4547.00
681,BRA_Parana_681,2010,8742.00
678,BRA_Paraiba_678,2010,3564.00
677,BRA_Para_677,2010,7693.31
58,BRA_Pantanal_58,2010,7693.31
57,BRA_Pampa_57,2010,9921.18
674,BRA_Minas_Gerais_674,2010,7534.00
675,BRA_Mato_Grosso_do_Sul_675,2010,7693.31
676,BRA_Mato_Grosso_676,2010,4385.89
673,BRA_Maranhao_673,2010,2892.00
186,BRA_Ilha_dos_Franceses_186,,
672,BRA_Goias_672,2010,11171.53
139,BRA_Fernando_de_Noronha_139,2010,8325.00
670,BRA_Espirito_Santo_670,2010,9818.00
669,BRA_Distrito_Federal_669,2010,11171.53
56,BRA_Central_Savanna_56,2010,8325.00
668,BRA_Ceara_668,2010,3871.00
55,BRA_Caatinga_55,2010,8325.00
52,BRA_Brazil_52,2010,8325.00
667,BRA_Bahia_667,2010,4627.00
54,BRA_Atlantic_Rainforest_54,2010,8325.00
665,BRA_Amazonas_665,2010,7693.31
53,BRA_Amazon_rainforest_53,2010,8325.00
666,BRA_Amapa_666,2010,4385.89
664,BRA_Alagoas_664,2010,3309.00
663,BRA_Acre_663,2010,4856.00
662,BOL_Bolivia_662,2010,1934.70
466,BLZ_Turneffe_Islands_466,2010,4527.30
660,BLZ_Toledo_660,2010,4527.30
659,BLZ_Stann_Creek_659,2010,4527.30
658,BLZ_Orange_Walk_658,2010,4527.30
255,BLZ_Lighthouse_Reef_255,,
159,BLZ_Glovers_Reef_159,,
656,BLZ_Corozal_656,2010,4527.30
657,BLZ_Cayo_657,2010,4527.30
506,BLZ_Belize_506,2010,4527.30
655,BLZ_Belize__region655,2010,4527.30
654,BLZ_Belize__region_654,2010,4527.30
653,BLR_Belarus_653,2010,5818.20
651,BHS_Bahamas_651,2010,21940.70
38,BHR_Bahrain_38,2010,22386.00
650,BGR_Bulgaria_650,2010,10588.96
40,BGD_Bangladesh_40,2005,1085.53
649,BFA_Burkina_Faso_649,2010,577.90
645,BEN_Benin_645,2004,1163.72
142,BEL_Flanders_142,2005,33892.68
644,BEL_Belgium_644,2010,35558.52
643,BDI_Burundi_643,2010,219.50
450,AZE_Talysh_450,2010,5842.80
37,AZE_Azerbaijan_37,2010,5842.80
490,AUT_Vorarlberg_490,2010,40940.00
499,AUT_Vienna_499,2010,49943.07
326,AUT_Upper_Austria_Muehlviertel_326,2010,38178.78
324,AUT_Upper_Austria_Alps_324,2010,38178.78
325,AUT_Upper_Austria_Alpenvorland_325,2010,38178.78
323,AUT_Upper_Austria_323,2010,38178.78
457,AUT_Tyrol_457,2010,40013.63
436,AUT_Styria_436,2010,33461.94
383,AUT_Salzburg_City_383,2010,44361.00
382,AUT_Salzburg_382,2010,44361.00
308,AUT_Lower_Austria_308,2010,31911.85
220,AUT_Carinthia_220,2010,32573.69
60,AUT_Burgenland_60,2010,26272.00
642,AUT_Austria_642,2010,38586.00
606,AUS_Yorke_Peninsula_606,2010,36571.53
638,AUS_Yalgoo_638,2010,56521.66
640,AUS_Wooded_Island_640,,uninhabited
592,AUS_Wide_Bay_592,2010,38735.71
639,AUS_White_Island_639,,uninhabited
496,AUS_Western_Australia_496,2010,56521.66
641,AUS_West_Wallabi_Island_641,,uninhabited
494,AUS_West_Waldegrave_Island_494,2010,uninhabited
493,AUS_West_Island_493,2010,uninhabited
637,AUS_Warren_637,2010,56521.66
591,AUS_Warrego_591,2010,38735.71
491,AUS_Ward_Island_491,2010,uninhabited
636,AUS_Victoria_Bonaparte_636,2010,56521.66
484,AUS_Victoria_484,2010,38288.33
612,AUS_Uncle_Margie_Island_612,,uninhabited
458,AUS_Topgallant_Island_458,,uninhabited
610,AUS_Tasmania_610,2010,32602.00
635,AUS_Tanami_635,2010,56521.66
634,AUS_Swan_Coastal_Plain_634,2010,56521.66
609,AUS_Suomi_Island_609,,uninhabited
429,AUS_St_Francis_Island_429,2010,uninhabited
572,AUS_Southern_Tablelands_572,2010,40423.15
574,AUS_South_Western_Slopes_574,2010,40423.15
573,AUS_South_Western_Plains_573,2010,40423.15
425,AUS_South_Stradbroke_Island_425,2010,38735.71
571,AUS_South_Far_Western_Plains_571,2010,40423.15
604,AUS_South_East_604,2010,36571.53
570,AUS_South_Coast_570,2010,40423.15
423,AUS_South_Australia_423,2010,36571.53
417,AUS_Smooth_Island_417,2010,uninhabited
607,AUS_Serventy_Island_607,,uninhabited
608,AUS_Seagull_Island_608,,uninhabited
594,AUS_SA_EA_594,2010,36571.53
593,AUS_Rat_Island_593,,uninhabited
368,AUS_Queensland_368,2010,38735.71
589,AUS_Port_Curtis_589,2010,38735.71
633,AUS_Pilbara_633,2010,56521.66
577,AUS_Pigeon_Island_577,,uninhabited
358,AUS_Perth_region_358,,56521.66
576,AUS_Pelsaert_Island_576,,uninhabited
357,AUS_Pearson_Island_357,2010,36571.53
632,AUS_Ord_Victoria_Plains_632,2010,56521.66
631,AUS_Nullabor_631,2010,56521.66
602,AUS_Nullabor_602,2010,36571.53
575,AUS_Northern_Territory_575,2010,49603.00
567,AUS_Northern_Tablelands_567,2010,40423.15
630,AUS_Northern_Kimberley_630,2010,56521.66
569,AUS_North_Western_Slopes_569,2010,40423.15
568,AUS_North_Western_Plains_568,2010,40423.15
603,AUS_North_West_603,2010,36571.53
316,AUS_North_Veteran_Island_316,2010,36571.53
561,AUS_North_Island_Houtman_Abrolhos_561,2010,56521.66
566,AUS_North_Far_Western_Plains_566,2010,40423.15
565,AUS_North_Coast_565,2010,40423.15
560,AUS_Newman_Island_560,,uninhabited
306,AUS_New_South_Wales_306,2010,40423.15
559,AUS_Murray_Island_559,2010,56521.66
600,AUS_Murray_Basin_600,2010,36571.53
629,AUS_Murchison_629,2010,56521.66
557,AUS_Morley_Island_557,,uninhabited
587,AUS_Moreton_587,2010,38735.71
586,AUS_Mitchell_586,2010,38735.71
558,AUS_Middle_Island_558,,uninhabited
276,AUS_Masillon_Island_276,2010,36571.53
585,AUS_Maranoa_585,2010,38735.71
628,AUS_Mallee_628,2010,56521.66
266,AUS_Magnetic_Island_266,2010,38735.71
611,AUS_Macquarie_Island_611,2010,32602.00
564,AUS_Lord_Howe_Island_564,2010,41107.48
555,AUS_Long_Island_Houtman_Abrolhos_555,,uninhabited
605,AUS_Lofty_South_605,2010,36571.53
601,AUS_Lofty_North_601,2010,36571.53
627,AUS_Little_Sandy_Island_627,2010,56521.66
556,AUS_Little_Rat_Island_556,,uninhabited
554,AUS_Leo_Island_554,,uninhabited
584,AUS_Leichhardt_584,2010,38735.71
245,AUS_Lady_Musgrave_Island_245,,
590,AUS_Kennedy_South_590,2010,38735.71
588,AUS_Kennedy_North_588,2010,38735.71
598,AUS_Kangaroo_Island_598,2010,36571.53
378,AUS_Kangaroo_Island_378,2010,36571.53
626,AUS_Jarrah_Forest_626,2010,56521.66
553,AUS_Hummock_Island_553,,uninhabited
175,AUS_Heron_Island_175,,uninhabited
552,AUS_Helms_Island_552,,uninhabited
625,AUS_Hampton_625,2010,56521.66
551,AUS_Gun_Island_551,,uninhabited
583,AUS_Gregory_South_583,2010,38735.71
582,AUS_Gregory_North_582,2010,38735.71
624,AUS_Great_Victoria_Desert_624,2010,56521.66
622,AUS_Gread_Sandy_Desert_622,2010,56521.66
550,AUS_Gilbert_Island_550,,uninhabited
621,AUS_Gibson_Desert_621,2010,56521.66
623,AUS_Geraldton_Sandplains_623,2010,56521.66
620,AUS_Gascoyne_620,2010,56521.66
597,AUS_Gairdner_Torrens_Basin_597,2010,36571.53
150,AUS_Freeling_Island_150,2010,uninhabited
596,AUS_Flinders_Ranges_596,2010,36571.53
144,AUS_Flinders_Island_144,2010,uninhabited
137,AUS_Fenelon_Island_137,2010,uninhabited
595,AUS_Eyre_Peninsula_595,2010,36571.53
599,AUS_Eyre_Basin_599,2010,36571.53
619,AUS_Esperance_Plains_619,2010,56521.66
126,AUS_Egg_Island_126,2010,36571.53
549,AUS_East_Wallabi_Island_549,,uninhabited
123,AUS_East_Waldegrave_Island_123,,uninhabited
121,AUS_Eagle_Island_121,,
118,AUS_Dorothee_Island_118,2010,uninhabited
117,AUS_Dog_Island_117,2010,uninhabited
581,AUS_Darling_Downs_581,2010,38735.71
618,AUS_Dampierland_618,2010,56521.66
548,AUS_Coral_Sea_Islands_Territory_548,,uninhabited
616,AUS_Coolgardie_616,2010,56521.66
580,AUS_Cook_580,2010,38735.71
709,AUS_Cocos_North_Keeling_Island_709,,uninhabited
91,AUS_Cocos_Keeling_Islands_91,2010,41107.48
87,AUS_Christmas_Island_near_King_Island_87,,uninhabited
821,AUS_Christmas_Island_821,2010,41107.48
320,AUS_Central_Western_Slopes_320,2010,40423.15
563,AUS_Central_Tablelands_563,2010,40423.15
617,AUS_Central_Ranges_617,2010,56521.66
615,AUS_Central_Kimberley_615,2010,56521.66
562,AUS_Central_Coast_562,2010,40423.15
614,AUS_Carnarvon_614,2010,56521.66
71,AUS_Carnac_Island_71,,uninhabited
62,AUS_Bushy_Island_62,,uninhabited
579,AUS_Burnett_579,2010,38735.71
578,AUS_Burke_578,2010,38735.71
547,AUS_Beacon_Island_547,,uninhabited
613,AUS_Avon_Wheatbelt_613,2010,56521.66
35,AUS_Australia_35,2010,41107.00
546,AUS_Ashmore_Reef_546,,uninhabited
545,AUS_Alexander_Island_545,,uninhabited
542,ATA_Antarctica_Mainland_542,,
31,ARM_Armenia_Shikahogh_Reserve_31,2010,3124.80
30,ARM_Armenia_Sevan_National_Park_30,2010,3124.80
29,ARM_Armenia_Khosrov_Reserve_29,2010,3124.80
28,ARM_Armenia_Erebuni_Reserve_28,2010,3124.80
27,ARM_Armenia_Dilijan_National_Park_27,2010,3124.80
26,ARM_Armenia_26,2010,3124.80
535,ARG_Tucuman_535,2005,4594.00
534,ARG_Tierra_del_Fuego_ARG_534,2005,22277.00
530,ARG_Santiago_del_Estero_530,2005,3890.00
531,ARG_Santa_Fe_531,2005,9639.00
529,ARG_Santa_Cruz_529,2005,26257.32
533,ARG_San_Luis_533,2005,9679.00
532,ARG_San_Juan_532,2005,4816.00
528,ARG_Salta_528,2005,5072.00
527,ARG_Rio_Negro_527,2005,8349.00
526,ARG_Neuquen_526,2005,19853.00
525,ARG_Misiones_525,2005,4370.17
524,ARG_Mendoza_524,2005,9302.00
523,ARG_La_Rioja_523,2005,5326.00
522,ARG_La_Pampa_522,2005,10875.00
521,ARG_Jujuy_521,2005,4709.00
520,ARG_Formosa_520,2005,3704.00
519,ARG_Entre_Rios_519,2005,6187.00
517,ARG_Corrientes_517,2005,4467.00
516,ARG_Cordoba_516,2005,9314.20
515,ARG_Chubut_515,2005,16100.00
514,ARG_Chaco_514,2005,4259.00
513,ARG_Catamarca_513,2005,14428.00
518,ARG_Buenos_Aires_City_518,2005,28358.07
512,ARG_Buenos_Aires_Area_512,2005,8458.00
25,ARG_Argentina_25,2005,9671.00
471,ARE_United_Arab_Emirates_471,2009,61097.00
1,ARE_Abu_Dhabi_1,2009,112294.00
511,ALB_Albania_511,2010,4094.40
509,AGO_Angola_509,2010,4218.60
2,AFG_Afghanistan_2,2010,561.20
508,ABW_Aruba_508,2010,24289.10
